{
  "" : {
    "transaction" : "",
    "sampleCount" : 425,
    "errorCount" : 0,
    "errorPct" : 0.0,
    "meanResTime" : 208.17882352941177,
    "medianResTime" : 318.0,
    "minResTime" : 22.0,
    "maxResTime" : 972.0,
    "pct1ResTime" : 388.0,
    "pct2ResTime" : 429.7,
    "pct3ResTime" : 520.8600000000004,
    "throughput" : 84.67822275353656,
    "receivedKBytesPerSec" : 101.95281368300458,
    "sentKBytesPerSec" : 208.9861261580992
  },
  "-2" : {
    "transaction" : "-2",
    "sampleCount" : 220,
    "errorCount" : 0,
    "errorPct" : 0.0,
    "meanResTime" : 54.95454545454543,
    "medianResTime" : 52.0,
    "minResTime" : 44.0,
    "maxResTime" : 330.0,
    "pct1ResTime" : 63.0,
    "pct2ResTime" : 69.94999999999999,
    "pct3ResTime" : 96.31999999999994,
    "throughput" : 45.92901878914405,
    "receivedKBytesPerSec" : 10.360940762004175,
    "sentKBytesPerSec" : 22.560836377870565
  },
  "-3" : {
    "transaction" : "-3",
    "sampleCount" : 227,
    "errorCount" : 0,
    "errorPct" : 0.0,
    "meanResTime" : 58.74449339207047,
    "medianResTime" : 53.0,
    "minResTime" : 44.0,
    "maxResTime" : 118.0,
    "pct1ResTime" : 79.0,
    "pct2ResTime" : 89.39999999999998,
    "pct3ResTime" : 115.75999999999999,
    "throughput" : 45.57317807669143,
    "receivedKBytesPerSec" : 10.280668101284883,
    "sentKBytesPerSec" : 22.386043527906043
  },
  "Total" : {
    "transaction" : "Total",
    "sampleCount" : 2177,
    "errorCount" : 0,
    "errorPct" : 0.0,
    "meanResTime" : 41.51125401929262,
    "medianResTime" : 48.0,
    "minResTime" : 11.0,
    "maxResTime" : 330.0,
    "pct1ResTime" : 61.200000000000045,
    "pct2ResTime" : 69.0,
    "pct3ResTime" : 87.2199999999998,
    "throughput" : 436.27254509018036,
    "receivedKBytesPerSec" : 104.24540487224448,
    "sentKBytesPerSec" : 213.84135458416833
  },
  "-4" : {
    "transaction" : "-4",
    "sampleCount" : 224,
    "errorCount" : 0,
    "errorPct" : 0.0,
    "meanResTime" : 54.30357142857144,
    "medianResTime" : 52.0,
    "minResTime" : 45.0,
    "maxResTime" : 95.0,
    "pct1ResTime" : 64.0,
    "pct2ResTime" : 73.5,
    "pct3ResTime" : 84.75,
    "throughput" : 46.00533990552475,
    "receivedKBytesPerSec" : 10.378157732593962,
    "sentKBytesPerSec" : 22.598326144998975
  },
  "-5" : {
    "transaction" : "-5",
    "sampleCount" : 216,
    "errorCount" : 0,
    "errorPct" : 0.0,
    "meanResTime" : 22.27777777777778,
    "medianResTime" : 16.0,
    "minResTime" : 11.0,
    "maxResTime" : 305.0,
    "pct1ResTime" : 34.30000000000001,
    "pct2ResTime" : 49.14999999999998,
    "pct3ResTime" : 231.16999999999683,
    "throughput" : 47.43083003952569,
    "receivedKBytesPerSec" : 12.30889053579271,
    "sentKBytesPerSec" : 22.92798913043478
  },
  "-6" : {
    "transaction" : "-6",
    "sampleCount" : 218,
    "errorCount" : 0,
    "errorPct" : 0.0,
    "meanResTime" : 54.23394495412845,
    "medianResTime" : 52.0,
    "minResTime" : 45.0,
    "maxResTime" : 95.0,
    "pct1ResTime" : 65.0,
    "pct2ResTime" : 70.04999999999998,
    "pct3ResTime" : 85.81,
    "throughput" : 46.1082910321489,
    "receivedKBytesPerSec" : 10.401382059010153,
    "sentKBytesPerSec" : 22.73895212034687
  },
  "-7" : {
    "transaction" : "-7",
    "sampleCount" : 217,
    "errorCount" : 0,
    "errorPct" : 0.0,
    "meanResTime" : 54.474654377880185,
    "medianResTime" : 52.0,
    "minResTime" : 45.0,
    "maxResTime" : 88.0,
    "pct1ResTime" : 65.0,
    "pct2ResTime" : 72.29999999999998,
    "pct3ResTime" : 86.63999999999999,
    "throughput" : 47.02058504875406,
    "receivedKBytesPerSec" : 10.607182760021669,
    "sentKBytesPerSec" : 23.097025663596966
  },
  "-9" : {
    "transaction" : "-9",
    "sampleCount" : 217,
    "errorCount" : 0,
    "errorPct" : 0.0,
    "meanResTime" : 53.8341013824885,
    "medianResTime" : 52.0,
    "minResTime" : 44.0,
    "maxResTime" : 96.0,
    "pct1ResTime" : 61.0,
    "pct2ResTime" : 69.29999999999998,
    "pct3ResTime" : 87.0,
    "throughput" : 46.91891891891892,
    "receivedKBytesPerSec" : 10.58424831081081,
    "sentKBytesPerSec" : 23.04708614864865
  },
  "-10" : {
    "transaction" : "-10",
    "sampleCount" : 215,
    "errorCount" : 0,
    "errorPct" : 0.0,
    "meanResTime" : 21.386046511627892,
    "medianResTime" : 18.0,
    "minResTime" : 11.0,
    "maxResTime" : 222.0,
    "pct1ResTime" : 32.400000000000006,
    "pct2ResTime" : 43.0,
    "pct3ResTime" : 61.880000000000024,
    "throughput" : 47.545333923042904,
    "receivedKBytesPerSec" : 12.331855028195488,
    "sentKBytesPerSec" : 23.308357059929232
  },
  "-22" : {
    "transaction" : "-22",
    "sampleCount" : 213,
    "errorCount" : 0,
    "errorPct" : 0.0,
    "meanResTime" : 19.028169014084494,
    "medianResTime" : 17.0,
    "minResTime" : 11.0,
    "maxResTime" : 59.0,
    "pct1ResTime" : 26.599999999999994,
    "pct2ResTime" : 35.19999999999993,
    "pct3ResTime" : 50.299999999999926,
    "throughput" : 47.789993269015035,
    "receivedKBytesPerSec" : 12.418798729526587,
    "sentKBytesPerSec" : 23.38162756618802
  },
  "-23" : {
    "transaction" : "-23",
    "sampleCount" : 210,
    "errorCount" : 0,
    "errorPct" : 0.0,
    "meanResTime" : 19.00952380952381,
    "medianResTime" : 17.0,
    "minResTime" : 11.0,
    "maxResTime" : 59.0,
    "pct1ResTime" : 26.0,
    "pct2ResTime" : 32.44999999999999,
    "pct3ResTime" : 59.0,
    "throughput" : 47.3826714801444,
    "receivedKBytesPerSec" : 12.311474080550541,
    "sentKBytesPerSec" : 23.182342198781587
  }
}